Open,High,Low,Volume,Close
8939.200195,9277.049805,8860.150391,60800,9218.842773
9652,9766.099609,9129.25,88400,9264.292969
9194.849609,9373.799805,9005.25,73300,9268.792969
9322.799805,9493.849609,9215.849609,53500,9469.989258
9529.700195,9586.650391,9294.049805,39800,9373.44043
9208.150391,9208.150391,8842.5,54300,8870.396484
8729.25,8869.700195,8366.75,68000,8760.748047
8897,8958.349609,8759.849609,56800,8904.496094
8891.900391,9135.549805,8846.549805,79300,9049.094727
9220.950195,9220.950195,8625.400391,47700,8664.099609
9253.450195,9704.599609,9253.450195,95300,9682.288086
9746.650391,9989.849609,9568.5,67700,9961.28418
10084,10304.90039,10084,54700,10188.13184
10112.65039,10409.15039,9980.5,62600,10368.97949
10338.29981,10358.25,10070.9502,54800,10158.43164
10067.15039,10272.40039,10037.29981,50600,10180.33203
10418.5,10536.7002,10175.04981,50000,10368.28027
10320.84961,10334.29981,10223.9502,34200,10279.48047
10327.15039,10481.5,10241.9502,35000,10447.72852
10984.5,11219.4502,10984.5,91500,11148.52051
11163.9502,11188.09961,10409.79981,89800,10686.67578
10466.29981,10509.54981,10177.90039,54800,10211.58106
10063.04981,10289.75,10046.7002,55000,10175.78223
10191.84961,10232.4502,9919.700195,48300,10081.58301
10091.40039,10189.40039,10051.2002,45300,10098.13281
10131.65039,10131.65039,9883.950195,34300,9899.634766
9783.900391,9815,9587.75,37000,9617.688477
9685.150391,9912.950195,9582.75,43000,9883.18457
9946.299805,10241.4502,9888.700195,41700,10222.83106
10171.4502,10328.75,10111.75,39300,10197.03223
10124.15039,10124.15039,9877.450195,30300,10081.98242
10418.84961,10451.15039,10090.59961,41800,10141.33203
10004.40039,10360.34961,9947.25,41700,10334.83008
10309.2002,10372.04981,10199.54981,31800,10288.83106
10423.59961,10649.29981,10307.90039,41400,10622.02734
10588.9502,10706.79981,10550,37500,10665.12598
10738.2002,10738.2002,10339.09961,38000,10389.12891
10406.04981,10416.2002,10274.34961,42000,10336.42969
10387.29981,10784,10387.29981,37500,10744.77539
10751.7002,10871.75,10700.54981,32800,10797.42383
10743.79981,10907.54981,10707.84961,49100,10808.97363
10837.04981,10912.79981,10732.34961,49000,10880.52441
10839.4502,11091.59961,10839.4502,41800,10902.32324
10880.84961,10951.75,10797.59961,30400,10896.37305
10924.4502,11002.40039,10752.34961,28173000,10773.0752
10779.65039,11268.2002,10669,53600,11241.51953
11284.84961,11366.4502,11211.5,35800,11249.21875
11211.29981,11512.5,11170.04981,79500,11473.0166
11472.2002,11694.4502,11443.59961,88500,11628.51563
11539.75,11736.2002,11462.09961,58800,11498.7666
11510.40039,11510.40039,11269.9502,34800,11292.41895
11320.84961,11398.59961,11024.75,44200,11054.77148
11011.04981,11067,10841.59961,42000,10913.02344
10786.25,10940.5,10674.5,40200,10758.3252
10755.65039,10860.34961,10543.15039,41600,10582.92676
10469.09961,10652.29981,10412.04981,55000,10523.22754
10660.65039,10891.90039,10660.65039,36300,10811.07422
10962.25,11156.59961,10962.25,35600,11142.16992
11159.04981,11207.7002,11107.34961,36600,11187.71973
11127.34961,11156.5,10905.54981,34300,10967.02246
10866.29981,10866.29981,10657.84961,37500,10706.77637
10796.4502,10820,10630.54981,31700,10677.22559
10780.59961,11097.9502,10780.59961,35900,11083.27148
11040.65039,11133.40039,10893.29981,66600,10909.22266
10941.59961,10961.34961,10827.75,30100,10899.17285
10994.25,11062.15039,10843,30900,10906.62305
10941.59961,11186.15039,10941.59961,31900,11153.82031
11180.29981,11347.4502,11180.29981,25900,11284.21875
11250.7002,11310.7002,11174.5,24300,11211.16992
11158.7002,11216.04981,11107.75,27800,11156.62012
11469.34961,11685.54981,11469.34961,55100,11664.96387
11648.34961,11770.65039,11579.5,39300,11720.06445
12206.9502,12225.9502,12007.29981,45100,12065.75977
12041,12067.4502,11774.9502,37400,11843.3125
11747.4502,11877.75,11687.59961,28300,11784.21289
11736.25,11781.7002,11622.7002,26800,11635.36523
11483.84961,11534.34961,11349.84961,29800,11366.76856
11347.2002,11440.84961,11309.7002,25600,11372.81836
11412.7002,11418.09961,11178,25500,11208.52051
11129.65039,11572.29981,11117.4502,49400,11357.76856
11505.54981,11505.54981,11040.15039,32100,11087.32129
11117.7002,11318.54981,11074.54981,24700,11292.21875
11258.65039,11453.4502,11258.65039,27400,11378.36816
11399.15039,11405,11287.29981,23600,11330.51856
11335.79981,11426.4502,11317.4502,30300,11385.61719
11409.25,11514.4502,11409.25,21100,11459.56738
11532.59961,11552.40039,11355.04981,18500,11375.86816
11410.25,11427.84961,11316.54981,16700,11385.11719
11383.79981,11578.90039,11150.2002,39900,11183.07031
11098.25,11208,11052.59961,28200,11181.52051
11174.34961,11174.34961,10996.9502,20500,11048.9209
11097.79981,11154.09961,10892.15039,30300,11036.62207
11071.75,11122.75,10988.79981,33400,11053.57129
11068.90039,11090.25,10925.15039,29400,10970.32227
10969.34961,11056.90039,10788.2002,35900,10805.17383
10814.65039,11070.2002,10814.65039,26100,11021.47168
10989.15039,11065.65039,10922.59961,21600,10948.77344
11000.2002,11164.09961,10986.09961,35900,11125.27148
11187.34961,11192.79981,11070,22800,11092.4209
11080.09961,11081.9502,10893.75,30600,10911.22266
10909.90039,11022.4502,10876.25,17600,11007.37207
11067.04981,11190.09961,11036.40039,22400,11171.37012
11164.25,11248.34961,11094.79981,21600,11207.21973
11183.75,11221.09961,11122.34961,21100,11198.87012
11063.2002,11132.7002,10972.09961,26100,10982.27246
10802.29981,10802.29981,10520.90039,37200,10540.27832
10541.5,10708,10333.40039,46700,10507.47754
10609.90039,10644.2002,10406.9502,27900,10437.62891
10287.84961,10314.25,10101.2002,47900,10153.03223
10193.54981,10266.4502,10130.29981,44100,10237.63086
10205.4502,10222.65039,10089.25,30400,10101.98242
9983.650391,10222.09961,9944,35500,10191.08203
10215.65039,10254.04981,10112.5,27700,10231.53125
10257.09961,10321.5,10107.79981,34800,10205.08203
10311.9502,10321.09961,10180.84961,23100,10263.08106
10287.34961,10310.29981,10187.79981,18000,10213.78125
10242.09961,10296.79981,10200.59961,15200,10245.33106
10307.59961,10395.15039,10307.59961,24100,10348.67969
10360.7002,10386.65039,10113.79981,25800,10135.58203
10169,10229.4502,10064.75,28300,10203.63184
10324.34961,10618.84961,10296.25,26100,10575.07715
10548.34961,10630.15039,10520.29981,20200,10609.47656
10515.29981,10525.7002,10419.09961,24200,10428.17871
10429.29981,10584.75,10429.29981,16400,10554.22656
10508.9502,10711.65039,10471.4502,21300,10683.37598
10742.15039,10768.9502,10611.75,19100,10666.62598
10659.2002,10758.65039,10659.2002,20100,10730.27539
10793.59961,10793.59961,10688.9502,23200,10764.5752
10705.4502,10836.2002,10613,24100,10651.82617
10661.40039,10936.75,10661.40039,36100,10928.92285
10987.59961,11122.54981,10899.40039,46400,11098.6709
11147.59961,11303.2002,11117.25,37200,11278.21875
11357.90039,11947.5,11332.59961,70900,11884.61231
11784.54981,12157.90039,11784.54981,60300,12107.95898
12132,12285.4502,11994.84961,55500,12043.01074
11997.84961,12142.90039,11887.75,33100,12023.95996
12062.34961,12308.7002,12062.34961,34400,12141.30859
11984.5,12090.04981,11867.15039,34700,12055.70996
12093.2002,12268.75,12052.34961,38200,12114.70898
12190.84961,12256.4502,12132.40039,33300,12186.4082
12160.65039,12160.65039,11989.9502,22800,12017.11035
12083.4502,12123.15039,12043.40039,33500,12092.20898
12134.65039,12423,12134.65039,31000,12408.00586
12403.65039,12523.7002,12394.29981,25000,12449.85547
12529.4502,12570.59961,12469.15039,36200,12518.2041
12560.90039,12767.5,12513.09961,55400,12604.80371
12693.25,12787.5,12633.29981,48600,12754.55176
12855.5,12869.34961,12660.04981,40600,12741.90137
12806.15039,12806.15039,12509.9502,37900,12588.35352
12674.34961,12740.15039,12542.34961,40400,12715.15234
12749.84961,12754.75,12518,35400,12563.70313
12523.29981,12656.5,12430.84961,29600,12551.55469
12562.34961,12615.34961,12439.54981,27600,12506.30469
12593.15039,12957.54981,12548.4502,40100,12937.25
12937.40039,13055.59961,12881.2002,38400,12949.25
12822.25,12934.90039,12777.9502,25000,12840.05078
12830.5,12831.59961,12537.7002,27100,12579.75391
12557.40039,12727.04981,12514.75,30600,12563.00391
12564.54981,12819.09961,12514.79981,32600,12787.10156
12845.29981,13002.75,12838.84961,30100,12958.34961
12989.54981,13040.15039,12913.90039,24800,12986.94824
12961.34961,13176.04981,12957.90039,49600,13121.94727
13134.5,13268.59961,12968.79981,40100,13034.34863
13038.9502,13116,12927.75,29700,13081.39746
13107.54981,13124.29981,12897.34961,28100,12910.39941
12946.09961,13100.75,12738.59961,41100,12855.7002
12920.34961,12995.59961,12818.84961,19400,12841.85059
12841.40039,12981.59961,12773.04981,33000,12880.50098
12961.5,13012.54981,12917.15039,24600,12965.89941
12944.90039,13017,12877.75,25800,12938.04981
12982.75,13095.5,12952.5,23500,13037.24902
13023.40039,13814.25,13017.90039,50600,13750.33984
13801,14152.4502,13801,44400,14084.88574
14269.25,14367.75,14105.65039,62500,14165.38477
14124.54981,14320.75,14063.59961,55100,14206.93457
14186.09961,14301.29981,14159.09961,55300,14236.38477
14675.59961,15742.04981,14468.09961,103900,14852.82715
15032,15305.65039,15032,57800,15221.97363
15351.65039,15362.54981,15087.7002,46800,15111.02441
15126.59961,15126.59961,14857.5,36900,14951.92578
15009.90039,15204.4502,14938.25,37500,15055.375
15091.7002,15321.25,14972.59961,53900,15285.32227
15431.9502,15568.04981,14969.25,52800,15175.72363
15141.5,15158.40039,14934.9502,30600,15083.82422
15075.59961,15198.34961,15032.4502,27000,15173.17285
15169.25,15254.5,15007.5,44800,15030.125
15093.09961,15108.79981,14709.29981,43300,14793.22852
14786.4502,15321.79981,14770,33500,15287.07227
15335.84961,15414.04981,15148.5,36300,15257.32227
15221.29981,15396.90039,15171.15039,32600,15333.22266
15250.59961,15337.15039,15152.40039,34700,15281.97266
15405.75,15576.04981,15320.75,39700,15542.96973
15625.40039,15725.79981,15522.84961,41900,15567.21973
15585.40039,15585.40039,15337.84961,30500,15427.62012
15436.04981,15660.04981,15367.59961,40200,15450.37012
15456.25,15518.75,15293.40039,26800,15464.66992
15506.75,15599.75,15083.90039,33000,15106.72461
15055.2002,15091.29981,14858.90039,32700,15029.8252
14982.34961,15393.75,14933.25,36300,15373.02148
15369.5,15461.54981,15128.4502,36100,15220.22363
15282.04981,15332.75,14976.15039,26200,15067.22559
15064.4502,15195.54981,14978.5,21900,14997.47656
15014.2002,15148,14940.34961,25000,15076.17481
15142.34961,15341.9502,15142.34961,29100,15309.32227
15320.9502,15320.9502,15221.15039,23400,15237.67285
15247.09961,15333.25,15020.65039,37300,15049.8252
15092.25,15117.15039,14946.84961,20200,14992.17578
15059.09961,15329.9502,15059.09961,29800,15241.72363
15288.79981,15365.65039,15261.15039,24800,15321.17188
15464.54981,15519.29981,15414.84961,23700,15490.16992
15512.75,15554.7002,15431.5,22300,15451.4707
15458.75,15582.65039,15305,20800,15555.96973
15589.5,15592.79981,15349.2002,33200,15367.4209
15437.40039,15437.40039,14889.34961,26400,14997.32617
15008.25,15093.4502,14827.09961,30700,14930.92578
14940,15371.04981,14621.9502,48100,14821.52832
14796.90039,14918.84961,14406.65039,33000,14447.03223
14508.09961,14561.75,14338.65039,28200,14489.58203
14601.84961,14919.54981,14601.84961,32900,14891.72754
15033.9502,15299.79981,15006.4502,39300,15265.27246
15258.9502,15301.9502,15156,26100,15268.87207
15169,15463.15039,15089.29981,30500,15389.1709
15510,15554.90039,15355.34961,26100,15385.77148
15440.34961,15473.34961,15306.34961,21700,15427.16992
15513.4502,15626.90039,15398.7002,31100,15462.82031
15471.34961,15559.09961,15410.2002,28200,15534.16895
15494.84961,15571.90039,15272.4502,27800,15322.07227
15399.5,15403.90039,15162.04981,22700,15211.97363
15256.2002,15470.59961,15184.65039,29200,15452.2207
15447.90039,15499.5,15233,39200,15267.42188
15137.59961,15417.25,15096.09961,36300,15127.62402
15242.25,15326.15039,15128.09961,22900,15242.17285
15283.59961,15343.5,15105.90039,27400,15293.07227
15209.04981,15239.34961,14983.5,21300,15008.47559
15004.84961,15135.09961,14956.84961,22000,14986.67578
14831.75,14858.9502,14709.09961,27200,14765.57813
14858.75,14896.90039,14807,20900,14846.62695
14943.79981,15078.09961,14850.15039,19700,15056.52539
15007.25,15078.34961,14843.79981,27200,14910.72754
14954.2002,15144.75,14940.29981,24700,15089.47461
15099.7002,15465.04981,15068.34961,28400,15439.57031
15507.04981,15624.34961,15469.84961,31900,15524.46973
15566.75,15566.75,15448.90039,19900,15481.52051
15475.5,15721.9502,15462.5,34500,15662.01856
15699.04981,15865.29981,15696.29981,32000,15818.9668
15817.54981,15973.34961,15625.4502,22500,15668.81836
15530.65039,15674.54981,15503.40039,21100,15623.91797
15745.59961,15758.84961,15669.04981,18400,15717.46777
15758.04981,15794.59961,15688.15039,27100,15740.21777
15790.25,16060.2002,15790.25,23700,16012.61328
16049.75,16170.84961,16047.29981,26300,16130.36231
16208.54981,16208.54981,16048.09961,30700,16109.8125
16102.90039,16114.75,15926.65039,21700,16033.36328
16030.4502,16111,15891.75,21500,15982.31445
16084.2002,16222.54981,16049.25,20500,16206.51172
16171.79981,16199.09961,16085.7002,17500,16156.5625
16173.5,16190.5,16053.90039,20600,16151.5625
16197.29981,16309.7002,16166.84961,30000,16203.96191
16208,16278.65039,16145.7002,22600,16253.96191
16158.65039,16239.7002,16106.04981,27100,16167.36231
16160.7002,16169.59961,15814.65039,28600,15843.91504
15926.84961,15937.29981,15799.7002,22300,15838.41504
15778.75,16173.79981,15770.79981,21600,16156.66211
16197.5,16197.5,16064.59961,23900,16151.96289
16052.54981,16272.34961,16021.15039,19100,16194.36133
16194.40039,16240.54981,15894.54981,23900,15902.66504
15883.4502,15954.4502,15625.84961,26000,15740.11719
15690.5,15734.09961,15213.34961,41700,15298.87207
15262.90039,15666.40039,15168.40039,37300,15607.06836
15636.4502,15636.4502,15420.79981,20400,15473.37012
15441.34961,15596.09961,15336.7002,28400,15392.07129
15370.7002,15377.59961,15270.9502,20700,15316.02246
15214.25,15344.59961,15157.7002,20600,15180.07324
15130.34961,15371.79981,15130.34961,19800,15343.82129
15434.34961,15795.65039,15434.34961,27800,15741.01758
15603.4502,15628.75,15439.34961,24200,15453.62012
15360.7002,15705.7002,15301.65039,26100,15677.31738
15790.9502,15843.7002,15560.25,32200,15751.36719
15690.34961,15836.15039,15477.04981,30900,15541.41895
15617.34961,15973.5,15603.4502,31300,15929.61426
16259.7002,16297.25,16157.04981,32100,16216.41113
16281.9502,16452.84961,16269,37100,16427.05859
16570.40039,16572.5,16365.59961,22200,16444.50781
16538.90039,16664.30078,16470.84961,22900,16556.40625
16607.5,16702.30078,16607.5,18100,16666.80664
16770.19922,16770.19922,16596.25,19000,16633.85742
16606.5,16776.34961,16561.34961,32000,16759.85547
16812.44922,17060.15039,16783.65039,30100,17044.85352
17087,17168.40039,16934.84961,27900,17133.90039
17201.44922,17425.19922,17157.80078,26900,17352.74805
17366.84961,17383.59961,17202.19922,27500,17346.84961
17364.65039,17412,17203,18600,17262.19922
17266.25,17434.15039,17220.44922,22500,17389.99805
17461.44922,17635.90039,17453.44922,27100,17586.8457
17645.30078,17651,17389.65039,23700,17452.79688
17460.55078,17601.15039,17410.5,27000,17576.5957
17571.69922,17676.59961,17469.25,26900,17640.19531
17672.84961,17750.25,17601.15039,24200,17702.3457
17739.19922,17745.69922,17557.09961,19800,17585.44531
17649.34961,17681.80078,17546.69922,38100,17644.8457
17767.75,18139.94922,17716.65039,56300,18056.0918
18128.59961,18313.09961,18119.65039,40400,18281.73633
18261.94922,18261.94922,17992.5,57600,18036.8418
17914.34961,18128.15039,17890.84961,32400,17975.74023
17988.69922,18054.65039,17898.40039,44000,18022.29102
18082.40039,18615.40039,18082.40039,67200,18512.93555
18586.94922,18676.09961,18497,43700,18525.08594
18434.75,18601.84961,18301,54700,18555.63477
18549.75,18723.65039,18518,44100,18645.63281
18758.80078,18793.15039,18575.34961,46300,18782.63086
18827.59961,18875.44922,18706.25,41400,18756.53125
18804.94922,18804.94922,18486.55078,32500,18509.83594
18499.94922,18585.34961,18248.09961,39700,18290.4375
18413.69922,18501.75,18236.55078,38100,18299.53711
18545.69922,18563.59961,18413.75,63600,18478.68555
19157.30078,19307.80078,18882.25,61900,19073.32813
19605.59961,19830.34961,19398.75,58100,19747.76953
17758.94922,17935.30078,17730.69922,43900,17880.64258
16444.19922,16444.19922,15933.15039,85700,16128.91211
16342.34961,16425.15039,16188.04981,54700,16398.45898
15612.09961,15803.2002,15453.40039,79300,15609.61816
15667,15682.65039,15495.09961,64213000,15560.96973
15206.29981,15367.90039,14960.09961,86500,15046.625
14243.4502,14395.84961,14207.34961,96300,14344.0332
13844.4502,13844.4502,13519.90039,104600,13555.54297
16236.90039,16278.5,16046.5,70300,16190.41113
16600.65039,17025.84961,16599.05078,83900,16997.25195
17710.44922,17754.15039,17636.90039,78900,17671.19531
17830.19922,18051.5,17815.25,91400,17828.39258
19050.40039,19126.75,18998.80078,146300,19076.32813
24085.44922,24151,23912.55078,94700,24088.62109
25826.30078,25838.55078,25620.94922,76600,25735.95117
25324.59961,25326.05078,24824.55078,265300,25058.25977
24831.34961,24873.05078,24682,134500,24818.41016
25607.05078,25716.75,25499.34961,114400,25568.00391
25547.90039,25653.44922,25469.05078,97400,25604.95313
25632.30078,25680.40039,25537.69922,94400,25645.10156
27836.15039,28013.09961,27779.5,179500,27826.22656
27991.75,28178.15039,27953.80078,151600,28128.22461
28171.65039,28322.30078,28171.65039,172500,28273.92188
28295.84961,28305.94922,28151.90039,138100,28257.57227
28199.44922,28203.19922,27777.40039,123200,27819.17578
25290.55078,25470.05078,25026.34961,253300,25069.60938
27301.90039,27542.40039,27161.94922,146100,27509.17969
27334.55078,27533.05078,26930.44922,231600,27085.63477
31234.90039,31700.75,31142.5,232000,31647.2832
31523.94922,31541.5,30800.80078,274600,30857.04102
31471,31608.34961,31428.05078,242986000,31471.48438
29617.05078,29635.15039,29194.09961,339800,29284.60938
28224.25,28541.19922,27937.55078,310300,28204.62109
29226.15039,29526.40039,28077.34961,1187300,28725.16602
30722.59961,30821.34961,30462.55078,364800,30632.79492
31981.69922,32157.05078,31905.90039,498300,32122.57617
31549.30078,32017.75,31444,516800,31978.92969
32083.80078,32126.94922,31628.30078,393300,31712.58008
31797.15039,31883.69922,31250.65039,485400,31341.18555
31321.40039,31537.65039,31122.05078,494500,31316.28711
31386.40039,31412.80078,31126,505400,31159.98828
31151.65039,31337.84961,30996.40039,815400,31256.38672
31356.80078,31711.44922,31352.09961,529700,31665.08203
31775.55078,32105.05078,31770.5,390500,32013.87695
32159,32186.94922,31897.75,306000,31973.82813
32082.40039,32213.34961,31987.34961,259900,32139.87695
32292.25,32293.65039,32017.30078,258800,32243.875
32281.65039,32328.34961,32085.05078,436900,32241.07422
32266.84961,32443.34961,32199.44922,535200,32384.57227
32381,32502.80078,32196.84961,391500,32339.07422
32337.80078,32390.34961,32246.05078,330800,32280.375
32276.15039,32314.59961,31963.25,339800,31997.32813
32142.5,32444.84961,32056.25,332400,32411.97266
32345.94922,32345.94922,32108.75,251400,32161.27734
32133.15039,32465.44922,32121.40039,253600,32443.47266
32326.94922,32329.80078,31960.40039,217600,32068.87695
31910.44922,31914.44922,31170.55078,256200,31236.78711
31598.05078,31851.44922,31200.90039,294400,31399.03516
30995.5,31451.84961,30899.55078,304500,31373.28516
31748.25,32172.69922,31667.15039,308000,32092.02734
32215.69922,32347.19922,31953.40039,444700,32097.02734
32139.09961,32322.65039,32074.05078,291400,32177.27734
32196.44922,32196.44922,31989.19922,438900,32071.27734
31994.75,32000.90039,31670.34961,545700,31824.53125
31810.55078,31988.90039,31692.40039,253700,31853.5293
31571.65039,31773.55078,31445.5,308100,31590.2832
31923.94922,31923.94922,31050.94922,282200,31080.28906
30978.84961,31171.25,30858.59961,227500,30947.19141
31061.59961,31149.05078,30614,200600,30701.0918
30742.19922,31087.25,30621.34961,343800,31003.68945
31040.09961,31375.44922,30879.05078,424600,31241.38672
31110.55078,31227.05078,30808.55078,309900,30837.04102
30922,31048.44922,30656.34961,239600,30761.04297
30915.09961,31082.84961,30835.80078,268800,30876.64063
30889.25,30909.5,30521.30078,328900,30647.04492
30950.5,31033.44922,30691.80078,333400,30833.24219
29811.75,30105.80078,29612.55078,337100,30022.90039
30235.30078,30776.94922,30182.44922,336600,30686.3418
30761.94922,31065.84961,30630.84961,427600,31001.58984
31070.75,31470.65039,30917.25,334000,31303.6875
31367.05078,31368.19922,31111.05078,254400,31201.58594
31248.65039,31248.80078,30957.19922,239700,31057.78906
31230.19922,31505.94922,31225.90039,198900,31300.23633
31441.15039,31588.59961,31398.15039,226000,31492.53516
31586.55078,31649.44922,31180.59961,303000,31229.88672
31281.84961,31436.65039,30776.09961,341400,30834.44336
30661.5,30692.75,30252.44922,398900,30562.14453
30905,30947.15039,30606.15039,268800,30837.83984
30862.30078,31085.30078,30702.44922,273100,30942.49023
30666.34961,30702.15039,30428,254200,30454.74609
30517,30610.69922,30329.94922,215900,30432.3457
30279.94922,30515.34961,30131.75,291000,30306.49805
30270,30271.94922,29914.15039,358000,30186.64844
29501.55078,29564.09961,29051.5,386900,29146.8125
29701,29791.15039,28571.69922,368300,28868.06445
29012.55078,29285.34961,28749.55078,367300,29176.71094
29252.94922,29273.65039,28125.15039,425800,28653.36523
28830.30078,29134.30078,28535.59961,1075700,28815.01563
27649.94922,28047.19922,27162.30078,1568100,27801.12695
27031.44922,27091.59961,25923.40039,1059000,26462.29297
26272.75,26791.44922,26234.09961,723300,26487.49219
25175.90039,25223.09961,23536.34961,760600,23970.87109
22720.75,25670.75,21351.69922,783400,25166.15625
24061.59961,24074.15039,23008.25,481900,23100.88281
23348.05078,23449.5,22002,537700,22154.89258
22411.84961,22544.05078,20267.94922,875300,20579.96094
19428.94922,21035.05078,18675.65039,476600,20083.26563
19898.30078,20924.55078,19265,501800,20317.36328
18311.30078,18895.65039,16791.05078,307600,16917.45313
17705.84961,17841.40039,16116.25,391700,17107.10156
16759.94922,18740.19922,16635.5,394600,18480.83594
18781.84961,20409.34961,18364.5,482900,19613.67188
20801.59961,21462.40039,19580.09961,539400,19968.76758
19254.44922,19716.25,18668.69922,327000,18782.18164
19307.65039,19466.30078,18792.40039,309800,19143.77734
19122.40039,19154.75,18042.25,274900,18208.13867
18325.05078,18326.09961,17143.19922,342500,17249.09961
18454.55078,19190.55078,17953.75,435400,19062.2793
18799.40039,20324.09961,18482.90039,508400,18946.22852
19553.15039,19988.30078,19166.90039,390000,19913.36719
19854.90039,19887.05078,19294,288200,19487.77344
20096.34961,20184.09961,18776.75,389900,19056.83008
18957.15039,19520.30078,18703.44922,350300,19399.77539
20394.75,20866.55078,19729.30078,475000,20681.20898
21104.69922,21122.09961,20444.25,438600,20522.41211
19812.05078,19891.44922,19247.94922,311900,19409.12305
19306.94922,19806.34961,19051.94922,349400,19701.62109
19871.34961,20356.5,19584.40039,325400,20267.71289
19697.65039,19950.15039,19515.40039,305700,19586.42188
19870.80078,20224.75,19847.65039,299900,20080.91602
20436.59961,20751.30078,20260.80078,367800,20670.85938
20440.40039,21348.15039,20393.65039,400600,21089.95313
21589.19922,21967,21353.65039,471500,21534.25
20514.75,20530.44922,19643.59961,328800,19743.52148
20147.30078,20223.15039,19212.34961,381300,19271.52539
19302.44922,19806.59961,18941,395600,19694.32227
19536.05078,19757.25,19332.15039,300100,19491.57422
19610.44922,19733.40039,18900.90039,342600,18950.2793
18751.40039,18993.40039,18287,395400,18862.63086
20017.75,20122.25,19429.90039,520800,19634.7207
19197.69922,19380.09961,19024.75,333000,19068.2793
19098.80078,19119.09961,18683.65039,240600,18833.73047
18795.09961,18795.09961,17514.19922,434800,17572.99414
18037.15039,18175.30078,17390.65039,415500,17486.04688
17486.5,18002.65039,17407.69922,326200,17839.99219
17901.94922,18200.69922,17658.55078,347600,17734.89258
17554.25,17952.25,17105,484800,17278.69922
17537.65039,17681.69922,17311.25,336800,17440.14648
17603.40039,18874.25,17560.34961,538000,18710.33398
18924.44922,19455.55078,18818.94922,561100,19169.57813
18962,19358.05078,18729.90039,581700,19297.02539
19728.90039,20225.34961,19632.90039,558100,19959.66797
20120.59961,20615.75,19852.55078,448300,20529.96094
20966.59961,21619.55078,20822,616900,20940.45508
20932.34961,21141.80078,20316.19922,587900,20390.21289
20516.40039,21198.69922,20425.05078,637400,21034.25586
21636.09961,21807.40039,20911.25,748100,21187.10352
21295.5,21568.84961,20629.69922,641200,20724.66016
20760.94922,21251.44922,20671.55078,583000,21099.85352
21084.69922,21244.44922,20458.30078,747100,20524.91211
19529.30078,20747.69922,19526.09961,599200,20654.31055
21491.55078,22078.25,21425.55078,664600,21708.09766
21859.25,22322.30078,21647.80078,527900,22264.64258
22479.34961,22479.55078,21336.34961,684600,21426.55078
21218.05078,21703.5,20926.44922,586200,21505.90039
21735.05078,21784.65039,21320.09961,375600,21591.80078
21291.55078,21440.05078,21026.44922,328000,21358.75195
21524.30078,21650.5,21212,292700,21369.90234
21354.09961,22061.59961,21281.84961,386000,21977.34375
22133.80078,22344.84961,21890.5,399000,21952.94336
22101.75,22130.30078,21768,256200,21852.14648
22270.94922,22399.25,22171.05078,290900,22198.69141
22254.30078,22674.5,22040.34961,455800,22627.73633
22700.90039,23080.59961,22499.5,673100,22584.38867
22753.15039,22998.30078,22673.40039,356000,22906.93359
22720.94922,22835.19922,22320.05078,457100,22398.18945
22613.25,22657.40039,21981.65039,293700,22088.99414
21877.59961,21909.69922,21222.44922,338500,21391.95117
21634.25,21935.5,21230.55078,359100,21340.50195
21453.25,21671.25,21027.84961,348600,21596.89844
21608.05078,22065,21550.80078,294900,21966.54492
22307.30078,22520.44922,22187.80078,349700,22321.58984
22639.84961,22861.90039,22597.94922,316700,22781.73438
23159,23211.34961,22658.19922,412700,22882.33398
22854.84961,23122.34961,22734.90039,307600,23083.63281
22853.19922,22854.05078,22417.19922,436300,22661.78711
22664.59961,22668.05078,21801.34961,340900,21848.49609
21940.15039,22233,21611.40039,379800,22104.94141
22075,22346.40039,21906.34961,400400,22076.34375
22195.05078,22252.59961,21580.15039,299600,21646.59766
21730.55078,21806.94922,21375,397300,21639.79883
21543.80078,21543.80078,21031.44922,431000,21071.85547
21686.84961,21936.5,21448.40039,338800,21509.69922
21644.25,21926.55078,21370.30078,386600,21642.34766
21620.25,21787.25,21451.30078,378600,21753.74805
21824.90039,22071.94922,21795.09961,261800,21899.99609
22050.19922,22277.59961,22039.84961,377900,22226.94141
22135.94922,22326.55078,21990.19922,507500,22263.74219
22395.19922,22439.94922,22139.59961,289100,22196.0918
22334.94922,22334.94922,21459.09961,318800,21679.14844
21906.94922,21909.40039,21403.15039,263400,21700.59766
23036.25,23109.09961,22716.25,245300,22944.7832
29370.40039,29623,28923.09961,369400,29549.40625
30735.15039,30845.80078,30624.25,269000,30745.54297
30805.40039,30805.84961,30345.75,279400,30690.69336
32275.15039,32441.5,31650.90039,396800,31811.38086
32082.90039,32464.94922,31863.94922,354800,32424.47266
33589.05078,34652.5,33583.14844,672200,34267.5
34555.60156,34908.05078,34011.89844,605200,34758.04688
35205.39844,36567.64844,35060.64844,272900,36451.87891
36763.14844,37232.19922,36494,455900,36548.57422
33615.89844,33990.80078,33564.55078,374200,33874.70703
30763.5,31834.5,30555.25,368400,31782.23047
32368.55078,32566.59961,31906.55078,351000,32465.37305
32610.40039,33011.55078,32191.40039,786800,32269.97461
34866,34917.64844,34650.94922,164000,34683.59766
34728.10156,34894.44922,34632.60156,165600,34809.49219
35954.55078,36317,35890.5,201200,36033.68359
36218.25,36227.55078,35531.35156,200200,35805.98047
35825.39844,35998.14844,35702.89844,122300,35936.63281
36000.75,36233.30078,35937.10156,125800,36168.92969
36100.64844,36261.55078,36032.39844,87300,36094.08203
35935.05078,35993.69922,35611.85156,118300,35867.03125
36222.5,36248.89844,35432,140500,35554.08594
35146.5,35306.5,34926.5,181200,35033.44531
35424.19922,35427.39844,34817.5,174200,35123.98828
35200.75,35795.30078,35070,173600,35711.6875
35768.85156,35910.30078,35499.64844,144300,35585.83594
35485.94922,35785.80078,35411.80078,136400,35617.13672
35559.75,35727.89844,35359.25,120900,35627.38672
35781.05078,36398.44922,35721.89844,150400,36347.22656
36367.39844,36552.80078,36216.19922,210300,36424.17969
36591.44922,36997.69922,36487.14844,181500,36573.875
36588.39844,36895.55078,36469,118900,36830.87109
36883.64844,37140,36563.19922,155600,36760.72266
36878.25,36923.64844,36554.44922,88600,36591.92578
36558.85156,36685.85156,36151.94922,124500,36468.375
36519.69922,36855.89844,36393.60156,175800,36767.77344
36725.5,36857.19922,36566.69922,83600,36682.77344
36608.44922,36724.85156,36327.05078,82200,36471.375
36639.94922,36756,36529.64844,109300,36612.625
36543.55078,36949.69922,36496.05078,177900,36851.82031
36946,37720.14844,36907.75,423100,37668.16406
37929.5,38112.75,37396.05078,335100,37811.50781
37388.19922,37802.75,37068.44922,152000,37145.26563
37238.39844,37340.69922,36525.94922,154000,37235.41797
37277.10156,37328.60156,36885.60156,106400,36944.21875
37241.25,37830.75,37216.14844,139100,37771.26172
37954,38112.60156,37680,138400,37829.85938
38054.75,38355.19922,37968.19922,113000,38170.80469
38360,38377.25,37315.19922,201000,37944.55859
37601.10156,37923.44922,37371.05078,260500,37742.5625
37677.80078,37884.85156,37354.25,235100,37424.66797
37140.39844,37299.39844,36876.35156,189200,37225.46484
37392.14844,37670.69922,37355.60156,146400,37579.21094
37499.80078,37786.60156,37364.75,153100,37740.5625
37768.80078,38106.85156,37452,204200,37521.11328
37894,37923.64844,37650.25,136400,37752.76172
37906.39844,38105.19922,37674.35156,168200,37774.8125
37782.75,38495.30078,37744.64844,136100,38293.35547
38178.35156,38609.60156,38144.60156,201300,38521.05078
38735.30078,38779.05078,38502.69922,205900,38635.30078
38684.64844,39375.05078,38673,249600,39340.44141
39794.25,39947.60156,39569.55078,580000,39684.33984
39927.30078,40011.14844,39394.25,274900,39540.03906
39545.44922,39774.55078,39292.80078,236900,39517.73828
39676.55078,40200.44922,39428.10156,271300,40029.73438
40192.64844,40587.35156,40149.55078,370500,40323.17969
40961.25,41829.60156,40508.10156,476800,41191.91797
41057.75,41367.25,40829.14844,437100,41237.82031
41234.55078,41347,40750,322800,40873.875
40915.14844,40931.05078,39350.19922,512700,39508.48828
39424.55078,39775.25,38426.64844,341300,39115.14844
39432.14844,39862.60156,39120.64844,203200,39763.28906
39796.89844,40107.60156,39590.69922,265000,39937.98438
40040.64844,40160.19922,39304.85156,267500,39401.59375
39669.10156,39734.69922,39514.14844,38800,39573.23828
39674.05078,39674.05078,38932.14844,212900,39437.79297
39517.85156,39560.60156,39223.39844,203500,39368.34375
39206.19922,39220.30078,38873.80078,167900,39022.79688
38913.05078,38929.94922,38346.05078,146000,38559.75
38707.14844,38822.85156,38467.80078,136000,38732.90234
38849.44922,39117.14844,38606.60156,112300,38701.90234
38710.89844,38724.69922,38211.10156,129100,38306.65625
38113.39844,38456.30078,37981.19922,139300,38041.10938
38071.89844,38233.94922,37748.44922,238700,37975.80859
38232.14844,38241,36655.39844,209500,37128.37109
36787,37448.75,36647.55078,188700,37272.36719
37384.75,37891.89844,37238.05078,157600,37441.51563
37362.05078,37507.94922,37118.39844,140800,37364.31641
36830.89844,36868.89844,35904.10156,211400,36025.08203
36224.44922,36347.85156,35327.89844,187200,35976.03125
35958.80078,36774.19922,35526.35156,227300,35694.88672
35902.89844,36445.35156,35805,173900,36364.47656
36281.85156,36563.5,36166.69922,131700,36507.82422
36497.30078,36844,36062.85156,138900,36196.72656
36252.75,36344.55078,35696.75,136000,35735.48438
36086.94922,36820.69922,36013.94922,146700,36617.97266
37052.75,37384.80078,36905.14844,165000,37284.26563
37331.75,37397.55078,36884.44922,123200,37082.01953
37083.14844,37153.25,36824.39844,170900,37105.21875
37358.19922,37581.05078,36861.89844,157300,36924.82031
36778.94922,37039.05078,36545.39844,132200,36893.51953
36929.5,37083.5,36743.19922,105800,36789.125
37092.94922,37159.30078,36385.75,112700,36548.22266
36491.80078,36550.75,35535.05078,152100,35618.23438
35124.35156,35231.10156,34018.44922,200100,34439.45313
34863.35156,35050,34389.94922,159600,34607.44922
34865.25,35112.10156,34687.60156,128600,35029.09375
35350.5,35477.30078,35046.25,114200,35190.73828
35282.19922,35327.94922,34583.39844,132500,34856.64453
34573.64844,35143.69922,34233,335100,35057.49219
35308.30078,35352.39844,35037.89844,181600,35183.39063
35168.85156,35378.30078,34890.80078,122500,35044.99219
34977.64844,35179.05078,34751.25,328000,35063.19531
35114.39844,35596.94922,35113.75,210300,35481.28516
35585.19922,36492.10156,35526.60156,219000,36421.47656
36551.25,36887.80078,36374.39844,190500,36839.71875
36943.55078,37862.39844,36756.35156,237400,37695.46094
37242.55078,37752.5,37058.44922,199000,37489.8125
37667.05078,38134.85156,37427.80078,183300,37739.16406
37930.55078,38400.35156,37929.35156,206500,38347.45313
38370,38504.60156,38031.75,159500,38441.75391
38719.60156,38851.44922,38604.60156,156100,38727.10156
38717.55078,38717.55078,38376.14844,159200,38469.50391
38302.35156,38448.05078,38007.75,148600,38369.95313
38212.55078,38617.5,38138.25,140300,38215.70313
38337.39844,38855.55078,38095.39844,168800,38209.85547
38145.75,38330.5,37769.25,165300,38040.91016
38106.10156,38167.94922,37591.85156,149600,37850.41016
37522.35156,37741,37224.25,157800,37573.86328
37601.94922,37694.69922,36375.35156,231000,36947.12109
36598.05078,37788.80078,36415.60156,267500,37706.3125
37058.19922,38147.64844,37012.25,346300,37981.66016
38246.60156,38421.69922,37581.5,294300,37688.96094
38091.80078,38217.25,37647.85156,217800,37974.91016
38460.44922,38802.69922,37690.60156,234100,38505.05078
38841.55078,39386.60156,38752.64844,252600,39330.04297
39255.69922,39424.85156,38861.14844,193800,39009.54688
39128,39278.60156,38562.60156,163100,38788.90234
38592.05078,38837.55078,37802.69922,241900,37995.00781
38176.10156,38222.10156,37319.05078,200200,38028.00781
38283.60156,38648.14844,38192,124900,38609.80078
38801.44922,39197.19922,38520,147800,39010.49609
38567.64844,38790.25,38396.39844,155000,38516.80078
37664,37796.55078,36828.05078,213800,36908.12109
36989.80078,38231.60156,36651.85156,193000,38169.65625
38296.5,38461.69922,37762.80078,170100,37953.35938
38042.10156,38124.5,37425.60156,136300,37531.21094
37344.44922,37817.55078,37304.44922,113500,37598.71094
37400,38054.39844,37156.80078,143300,37685.16406
36833,37659.39844,36818.10156,159400,37371.21484
37628.55078,37774.60156,37318,137300,37391.61719
36085.19922,36709.14844,34991.35156,427800,35227.69141
35901.69922,36684.64844,35768.19922,372800,36430.32813
35938.94922,36270.25,35611.89844,238300,36204.87891
35381.89844,35553.69922,34897.44922,211300,35372.39063
35621.14844,35804.14844,34721.14844,172500,34943.89453
34526.10156,35097.75,34094.10156,194500,34407.40234
33278.14844,33543.30078,32376.5,248900,32870.86719
32531.90039,33263.55078,32155.34961,276800,33157.71484
33278.89844,33969.5,32948.89844,258500,33815.05469
35153.94922,35374.14844,34218.05078,273900,34475.19922
34331,34880.05078,34094.30078,169500,34545.84766
34660.25,35435.10156,34625.05078,193300,35311.73828
35467.94922,35643.80078,34706.05078,224200,35022.24219
35555.75,35806.35156,35461.55078,173800,35747.83594
36302,36611.94922,36261.64844,182000,36428.12891
36545.85156,36600.19922,35900.19922,128700,36018.08203
35975.60156,36468.80078,35384.75,202900,36348.12891
36627.69922,36827.60156,36064.75,197900,36146.92969
35633.69922,35957.69922,35421.69922,205200,35526.6875
35700.39844,35717.39844,35203.85156,157000,35409.69141
35488.69922,35770.80078,35016.30078,197000,35710.08594
35931.75,35977.19922,35506.55078,177100,35846.98047
36241.55078,36421.10156,36070.55078,325600,36333.87891
36457.19922,36590.85156,36278.14844,188100,36373.17969
36298.35156,37209.80078,36242.35156,245700,37148.06641
37824.94922,38765.85156,37665.55078,309200,38634.75
38731.30078,38759.25,37935.94922,220600,38067.45703
37711.30078,37868.5,37513.85156,198800,37632.36328
37421.75,37975.89844,37346.80078,245000,37556.91406
37619.69922,37884.19922,37405.19922,202200,37751.61328
37591.75,37941.75,37524.44922,132100,37613.36328
37407.39844,37920.60156,37264.44922,171000,37746.96094
37887.30078,37988.60156,37408.19922,143300,37462.96484
36833.14844,36965.85156,36441.35156,182900,36728.57422
36806.80078,37123.55078,35926.30078,216300,36341.17969
36482.60156,36513.85156,36114.05078,153400,36314.47656
36513.10156,36913.35156,36395.69922,132700,36815.67188
36514.14844,36578.94922,35991.5,140100,36044.33203
35792.35156,36270.14844,35511.39844,183100,36081.93359
36515.35156,36604.55078,36265.89844,143400,36404.37891
36067.55078,36175.89844,35747.14844,134200,36028.43359
36189.94922,36501.10156,35951.10156,137300,36421.77734
36474.05078,36718.80078,35978.94922,172700,36087.73047
35627.60156,36235.25,35618.19922,170200,36163.32813
36266.14844,36309.30078,35127.85156,214600,35264.14063
35705.35156,35934.85156,35133.80078,167300,35232.44141
34569.10156,34797.94922,34353.19922,199200,34590.79688
34091.75,34554.35156,33927.19922,179900,34275
34181.19922,34781.80078,34176.80078,138000,34482.24609
34686.30078,34793.19922,34143.19922,179500,34692.74609
34289.10156,34341.19922,33297.64844,382100,33531.75781
33925.94922,34002.19922,33007.89844,272700,33120.96484
33256,33821.64844,33001.75,195100,33597.21094
33796.19922,34366.05078,33680.60156,161500,34301.5
34448.19922,34655.80078,34134.69922,146800,34163.30078
33461,33633.94922,33180.60156,150400,33315.26172
33765.14844,34358.05078,33658.05078,129400,34276
34321.39844,34819.94922,34117.35156,156000,34247.20313
34223.19922,34586.44922,34115.80078,163700,34289.75
34491.80078,34722.60156,34285.80078,153600,34339.10156
34670.60156,35222.05078,34424.75,191500,35094.49219
35326.60156,35694.85156,35291.94922,132600,35612.88672
35958.80078,36083.69922,35748.44922,127000,35826.53125
35615.30078,35881.94922,35288.94922,149300,35486.98438
35358.94922,35768.69922,35285.44922,100800,35620.38672
35470.94922,35676.19922,35385,140700,35613.23438
35929.55078,35958.44922,35175.10156,104800,35274.64063
35159.14844,35424.5,35072.30078,100800,35309.78906
35080.80078,35154.30078,34834.39844,91600,34995.59375
35165.64844,35449.89844,34831.75,124600,34945.74219
34802.25,35149.10156,34659.10156,100900,35085.04297
34686.94922,34752.44922,34346.64844,90000,34483.39844
33728.64844,33774.05078,33210.35156,131900,33405.46484
33180.60156,33618.14844,33123.89844,113200,33310.96484
33317.80078,33554.55078,33249.55078,90800,33338.61328
33648.80078,33756.5,32537.94922,129500,32616.7207
32393.44922,32889.80078,32290.55078,139800,32742.66992
32873.39844,32926.10156,32426.40039,144400,32684.41992
32978.05078,33593.80078,32797.55078,258100,33191.36328
33051.64844,33106.94922,32758.15039,135000,32844.91797
32927.39844,33431.75,32652.15039,193100,33134.61328
33434.80078,33721.89844,33390.85156,149800,33627.05859
34126.19922,34147.5,33735.5,111400,33810.85547
33578.19922,33745.30078,33503.30078,125000,33642.05859
33273.55078,33422.80078,33185.25,140800,33269.51172
33180.69922,33659.30078,33179.60156,149500,33424.71484
33264.75,33666.5,33080.44922,149900,33539.05859
33558.85156,33978.5,33515.60156,152600,33940.50391
34084.69922,34361.05078,33757,115000,33815.50391
33929.39844,34388.5,33876.14844,122700,34323.85156
34627.39844,34965.75,34553.10156,184000,34919.89453
35258.89844,35262.10156,34977.75,109000,35123.64063
35017.60156,35543.10156,35006.55078,130600,35469.23438
35298.69922,35419.64844,35047.5,113400,35131.83984
35259.80078,35308.14844,34757.60156,103400,34827.39453
34817.94922,35027.60156,34558.44922,121300,34650.79688
34734.44922,34899.94922,34463.89844,99100,34682.24609
34841.85156,35382.5,34804.39844,146600,35358.28906
35113.25,35761.64844,35110.5,183400,35719.9375
36061.30078,36182.69922,35876.55078,173400,35971.68359
36026.55078,36331.69922,35887.35156,153800,36200.57813
36322.89844,36823.44922,36286.35156,143600,36738.52344
36766.69922,37011.19922,36464.64844,139700,36725.97266
36688.55078,36695.75,36334.10156,114000,36408.07813
36370.55078,36808.30078,36248.60156,113100,36783.32422
37102.44922,37414.39844,37028.5,172500,37377.71484
37717.30078,37754.64844,37221.14844,166900,37490.96094
37594.14844,37939.60156,37407.19922,346400,37902.75781
37767.69922,38179.85156,37632.30078,317300,38023.55859
37954.55078,38068.60156,37692.94922,200300,37988.80859
38111.05078,38231.85156,37249.5,186300,37755.11328
37868.25,38150.44922,37779.89844,175900,37920.16016
37847.35156,38302.35156,37681.44922,174100,38236.95313
38298.85156,38402.94922,38155.30078,163900,38287.40625
38712.94922,38932.10156,38648.89844,200900,38879.39844
38942.44922,39088.89844,38739.94922,125300,39041.84766
39351.30078,39504.5,39202.80078,169800,39461.24219
39324.39844,39703.69922,39291.14844,137200,39655.6875
39732.64844,39759.14844,38848.39844,148100,38985.49609
38693.64844,38732.85156,38247.25,124300,38297.30469
37955.44922,38869.89844,37950.85156,176400,38697.19922
38552.69922,39120.80078,38552.19922,214900,39038.04688
39190.05078,39471.75,38803.69922,333400,38950.29688
39129.64844,39337.10156,38846.80078,196300,38986.69531
38111.60156,38397.10156,37943.85156,158000,38276.25391
38516.94922,39606.55078,38472.69922,176800,39536.28906
38806.69922,39667.64844,38803.30078,191200,39300.79297
39422.30078,39595.85156,39200.44922,133900,39420.54297
39412.05078,39865.19922,39407.39844,214100,39805.28906
39892.94922,40073.75,39564.30078,210200,39666.03906
39337.75,39572.05078,39258.25,138900,39455.44141
39763.89844,40265.75,39706.39844,203800,40208.48047
40520.75,40685.94922,40280.30078,207000,40415.23047
40540.44922,40684.89844,40377.89844,147000,40573.52734
40802.10156,40904.30078,40693.94922,176400,40872.625
40308.80078,41626.89844,40288.89844,218400,41404.91797
41533.69922,41840.14844,41153.5,245300,41208.71875
40977.19922,41162.5,40502.05078,244200,40776.32813
40685.60156,41184.25,40509.89844,206000,40903.92188
41304.14844,41677.64844,41207.30078,175200,41467.82031
41282.60156,41501.69922,40889.14844,151300,41202.96875
40889.05078,41159.19922,40360.19922,209500,40630.12891
40429.35156,40528.39844,39412.69922,226200,39545.78906
39027.85156,39229.39844,38492.19922,241800,38615.80078
38811.69922,39050.5,38184.89844,168700,38358.70313
38081.25,38368.80078,37626.19922,210600,37759.41406
38092.85156,38283.39844,37536.64844,253000,37647.3125
37660,38811,37386.35156,246100,38631.5
38444.89844,38641.60156,37963.25,172900,38029.20703
38700.39844,39177.5,38596.89844,241100,39109.59766
39343.69922,39608.35156,39232.89844,158800,39282.39453
39093.5,39235.05078,38807.5,165000,39177.59375
38641.55078,39315.69922,38518.30078,159700,39092.64844
39058.85156,39174.94922,38622.75,177600,38712
38784.19922,39164.10156,38606.39844,195800,39118.09766
38957.64844,39061.30078,38437.94922,158900,38623.55078
39446.05078,39570.85156,39196.30078,185600,39305.14453
39295.60156,39974.69922,39146.69922,201600,39919.98438
40252.05078,40435.35156,40139.85156,245200,40318.28125
40556.64844,40643.60156,40195.19922,232900,40372.73047
40149.5,40208.35156,39848.85156,262800,40099.08594
40370.75,41032.25,40355.44922,324200,40783.57813
41348.35156,41427.25,41201.14844,74300,41304.41797
41513.64844,41530.64844,41021.44922,351800,41122.27344
41440.69922,41511.80078,41178.64844,239400,41298.82031
41236.80078,41482.39844,40839.30078,237100,40990.375
41265.69922,41353.69922,41106.10156,237200,41307.41797
41552.39844,41677.25,41188.55078,304400,41289.07031
41472.60156,41474.30078,41060.44922,175800,41146.17188
40873.69922,41478,40819.14844,263600,41297.87109
41314.85156,41516.19922,41051.14844,190400,41257.96875
41740.64844,41779.39844,41337.05078,393400,41686.21484
41914.85156,41948.89844,41667.89844,490500,41782.71484
41462.85156,41643.89844,41318.60156,253400,41603.26563
42163.39844,42345.5,41918.10156,255400,42136.5625
42177.55078,42231.44922,41965.44922,142700,42076.26172
42234.85156,42450.05078,42079.55078,139400,42372.20703
42371.80078,42611.75,42296.30078,185400,42534.80469
42399.64844,42622.75,42366.55078,165400,42457.55859
42545.75,42590.75,42223.69922,280100,42436.95703
42286.94922,42386.80078,42202.55078,259100,42346.05859
42467.39844,42508.75,42347.14844,216300,42456.55859
42668.55078,42860.55078,42556.39844,359100,42728.60547
42838.35156,43163.39844,42769.64844,204900,43074.89844
43192.44922,43339.14844,42864.94922,502800,42983.44922
42757.19922,43159.80078,42740,238700,43019.94922
42959.39844,43279.60156,42959.39844,223000,43052.94922
43122.75,43332.30078,42880.05078,202000,43230.49609
43512.10156,43515.05078,43101.85156,268400,43260.14453
42976.69922,43131.89844,42937.80078,212800,43103.25
43269.35156,43372.14844,42985,242600,43332.44531
43093.89844,43306.85156,43076.39844,379200,43138.05078
43157.35156,43327.35156,42948.44922,242900,43098.19922
43142.25,43640.89844,43095.30078,355700,43596.34375
43765.30078,43853.39844,43361.69922,443500,43632.94141
43455.85156,43767.05078,43378.80078,234200,43708.24219
43793.69922,43983.80078,43767.75,277000,43946.03906
44078.60156,44151.80078,43987.94922,349200,44048.58984
43940.10156,44120.60156,43379.10156,421900,43497.69531
43261.75,43598.19922,43080.55078,275200,43218.99609
43346.35156,43451.44922,43110.30078,175600,43413.24609
43152.64844,43426.19922,42955.39844,182300,43358.99609
43525.75,43614.64844,42363.80078,279400,42617.45313
42864,42933.5,42231.35156,344800,42408.30859
41951.35156,42226.64844,41597.64844,332600,41667.56641
42827.75,42927.19922,42394.14844,229600,42859
42733.60156,43034.94922,42694.85156,230500,42827.20313
42684.89844,43498.05078,42489.80078,308300,43251.84766
43401.69922,43422.94922,42833.10156,258700,42985.94922
43038.25,43382.75,42961.75,1798102100,43203.10156
43151.44922,43482.80078,43148.44922,197000,43425.25
43417.5,43578.39844,42858.64844,216800,42958.80078
43073.05078,43137.55078,42298.60156,189100,42608.69922
42649.69922,42685.89844,41877,195100,42188.80078
42404.85156,42716.80078,42186.55078,161800,42582.75
42642,42674.25,41835.75,179300,42014.75
42071.85156,42318,41729,169800,42232.69922
42238.5,42343.5,41742.94922,154100,42082.25
42171.25,42453.94922,41885.60156,205500,42371.25
42622.5,42715.64844,42066.55078,312300,42167.55078
42241.19922,42383.80078,41861.10156,256300,42235.05078
42271.80078,42555.89844,42119.64844,170500,42458
42416.30078,42506.25,42234.89844,143400,42328.85156
42516.05078,42709.19922,42366.14844,159100,42506.80078
42891.44922,43005.85156,42727.69922,203600,42821.25
42994.44922,43078.89844,42615.64844,159500,42733.44922
42703.60156,42733.05078,41540.30078,244700,41647.64844
41382.35156,41417.89844,40148.80078,350800,40345.30078
39856.14844,40789.55078,39419.80078,369900,40387.44922
40563.85156,40811.64844,40167.69922,289900,40655.05078
41115,42015.64844,39490.5,400100,40513
39943.35156,40757.60156,39761.44922,348500,40669.30078
41019.35156,41539.94922,40609.75,308800,41499.69922
41530.14844,41724.5,41261.19922,197800,41374.64844
41513.10156,41630.75,41095.10156,171900,41490.94922
41542.05078,41791.94922,41403.05078,136500,41537.64844
41634,41634,41252.94922,142900,41554.30078
41452.39844,41678.89844,41424.89844,155000,41559.39844
41563.5,41662.55078,41157.89844,147000,41282.19922
41410.44922,41718,41195.75,143100,41648.35156
41674.60156,41795.44922,41455.60156,116300,41731.05078
41925.69922,41979.10156,41521.94922,111700,41631.35156
41514,41516.30078,40882.69922,138800,41131.75
41221.55078,41292.60156,40580.10156,143700,40701.69922
40784.89844,40946.19922,40508.25,170200,40673.60156
40494.14844,40529.25,39899,155200,39995.89844
39983.69922,40147.80078,39600.25,200500,40001.55078
40259.10156,40348.10156,39818.89844,144600,39909.39844
39820.39844,40371.44922,39745.39844,165200,40307.10156
40302.69922,40391.44922,40073,327800,40269.05078
40473.85156,40725.35156,40341.94922,169800,40698.14844
40604.55078,40773.25,40312.89844,149200,40389.80078
40671.39844,41390.14844,40605.35156,213800,41251.35156
41418.39844,41671.19922,41259.14844,180200,41350.39844
41178.35156,41625.35156,41100.35156,157600,41577.10156
41532.64844,41659,41208.10156,119200,41256.75
40805.25,40839,40341.69922,145300,40485.44922
40356.10156,40690.05078,39454.60156,174500,39564.69922
39522.39844,39768.5,39132.60156,205700,39411.39844
39777.89844,39914.10156,38934.64844,164300,39051.5
39061.69922,39381.39844,38613.14844,196300,39132.60156
39442.39844,39705.14844,38926.80078,173400,39598.10156
39512.10156,39512.10156,38941.89844,173800,39361.94922
39599.64844,39970.89844,39366.30078,187900,39894.69922
39836.14844,40201.60156,39552.5,153200,39616.89844
39555.25,39767.89844,39294.89844,166100,39395.35156
39484.69922,39695.19922,39273.75,194200,39431.30078
39545.05078,39645.19922,39326.10156,202300,39567.89844
39611.55078,40055,39609.55078,259600,39910.14844
40231.25,40690.39844,40180.19922,188000,40608.64844
40695.80078,40857.60156,40535.89844,167500,40813.05078
40972.30078,41071.14844,40802.64844,177400,40999.14844
40940.69922,41274.69922,40820.55078,196500,41041
41116.14844,41139.85156,40727.25,153900,40834.64844
41232,41403.25,40990.19922,219200,41366.5
41426,41610.14844,41332,143000,41557.94922
41680.10156,42196.19922,41502.64844,232600,42132.55078
42603.55078,42603.55078,41799,229100,42262.55078
42406.94922,42500.69922,42114.35156,214200,42265.19922
42280.10156,42339.89844,42022.14844,170000,42154
42218.5,42378.14844,42108.85156,180200,42269.5
42252.55078,42382.14844,41962.35156,144100,42118
42469.94922,42714.14844,42269.10156,201000,42635.75
42731.60156,42865.55078,42601.5,262400,42678.5
42559.05078,42875.60156,42432.25,178000,42829.89844
42753.89844,43043.39844,42736.60156,181400,43000.85156
43045.5,43302.05078,42810.35156,238700,43233.89844
43395.05078,43483.85156,43269.39844,241600,43352.10156
43154.85156,43354.94922,43078.14844,175900,43312.69922
43236.10156,43739.80078,43213.94922,175400,43685.44922
43110.64844,43588,42582.19922,251200,42661.19922
42796.85156,43418.55078,42780.30078,223400,43284
43438.55078,43533.25,43125.85156,229000,43198.14844
43275.25,43383.64844,42822.14844,249100,43331.05078
43535.10156,43774.25,43367.25,190700,43475.30078
43447.14844,43905.94922,43347.75,144900,43793.55078
43821.05078,44151.69922,43666.60156,161300,44072.10156
44144.14844,44144.14844,43815.69922,222500,43903.69922
43948.5,43992.75,43446.39844,203600,43698.69922
44006.89844,44079.19922,43673.69922,226500,43752.30078
43930,44020.89844,43531.89844,192000,43969.39844
43935.30078,44026.75,43684.89844,183800,43885.10156
43978.89844,44095.25,43852.19922,142000,43954.44922
43751.94922,44010.44922,43639.80078,148600,43677.85156
43630.25,43719.85156,43390.30078,170200,43681.39844
43765.35156,44067.60156,43588.80078,143200,44018
44276.80078,44483.35156,44193.94922,148600,44311.89844
44277.35156,44498.60156,44207.5,157600,44436.35156
44318,44339.05078,43822.69922,305700,44128.14844
44172.05078,44179.94922,43706.14844,182900,43790.19922
43997.30078,44088.89844,43812.55078,123900,43937.85156
44103.25,44266.14844,44074.19922,124500,44101.64844
44156.69922,44236.19922,44009.69922,123600,44164.55078
44318.69922,44346.30078,44143.5,119200,44275.30078
44208.30078,44459.25,43917.89844,160200,43995.25
44045.75,44220.10156,43932.60156,132300,43989
44035.19922,44124.94922,43874.05078,91400,43944.19922
43889.69922,44138.14844,43889.69922,160000,44079.85156
44181.64844,44212.35156,43956.14844,154600,43988
44054.35156,44077.44922,43397.5,228200,43443.60156
43583.35156,44083.25,43536.94922,234700,43938.14844
44015.30078,44040.35156,43501.39844,234900,43633.75
43597.55078,43823.94922,43345.94922,161900,43766.5
43894.39844,43946.69922,43698.94922,180000,43859.19922
43874.80078,44042.14844,43663.35156,263800,43724.85156
43641.60156,43824.10156,43519.55078,161300,43622.89844
43714.75,43773.10156,43541.75,120700,43641.05078
43804.55078,44194.64844,43693.14844,137300,44121.5
44419.5,44508.39844,44163.19922,243800,44327.80078
44666,44787.10156,44447.19922,191300,44747.35156
44957.94922,45353.19922,44882.10156,228200,45158.10156
45310.55078,45655.5,45000.25,463000,45301.44922
45169.69922,45418.89844,45073.39844,366300,45151.80078
45060.55078,45417.5,45042.60156,244900,45339.89844
45118.05078,45227.25,44844.80078,220900,44925
44958.64844,45184.30078,44721.89844,220900,44860.85156
44998,45139.55078,44663.05078,209000,44745.05078
44872.60156,44937.25,44562.39844,233100,44639.44922
45009.30078,45085.14844,44612.19922,336800,44665.05078
44860.64844,44923.85156,44547.80078,196300,44819.30078
44951.19922,45556.44922,44695.05078,245900,45449.75
45754.80078,45905.85156,45281.30078,307300,45410.85156
45622.5,45707.39844,45433,261100,45669.30078
45689.05078,46256.19922,45640.94922,315200,46186.89844
46063.94922,46369.5,45925.89844,235600,46075.19922
46131.89844,46191.5,45858.75,225800,45923.05078
46154.69922,46156.10156,45622.85156,228100,45845
45935.14844,46096.60156,45804.69922,298400,46062.35156
46285.85156,46310.10156,45570.64844,320400,45679.30078
45560.89844,45727.75,45238.80078,194700,45468.10156
45546.35156,45694.89844,45359.75,247900,45651.10156
45740,45782.75,45471.05078,175200,45592.5
45234.64844,45404.89844,44720.89844,233600,44995.69922
44862.85156,45038.44922,44279.39844,245800,44513.44922
44754.75,45118.05078,44520.55078,245200,44879.5
44993.69922,45011.35156,44773.85156,200800,44837.5
44888.94922,45096.85156,44817.85156,229400,44964.44922
44973.44922,44975,44533.75,177300,44880.69922
44797.64844,44980.35156,44418.39844,232000,44541.80078
44568.14844,44571.25,44120.89844,196900,44199.10156
44066.60156,44212.75,43776.89844,172300,44090.94922
43897.25,44071.85156,43745.10156,266400,43891.35156
43724.75,43957.64844,43672.44922,167600,43851.05078
43952.85156,44113.80078,43862,126300,44002
44125,44151.30078,43938.69922,160700,43993.25
44064.5,44521.64844,43952.05078,212400,44479.05078
44704.19922,44949.89844,44433.75,220400,44496.19922
44276.19922,44359.10156,43983.75,152500,44231.44922
44253.64844,44610.39844,44201.44922,163000,44494.64844
44655.75,44673,44429.80078,140300,44495.25
44706.55078,44779.64844,44149.80078,153100,44232.60156
44265.85156,44399.64844,43895.05078,705100,43989.14844
43996.10156,44568.55078,43830.75,320800,44436.10156
44625.05078,44668.69922,44401.69922,225500,44532.14844
44494.64844,44577,44207.25,252000,44409.10156
44418.05078,44915.55078,44341.19922,169100,44878.35156
44953.64844,45383.35156,44812.14844,179100,45156.39844
45340.80078,45636.19922,45231.30078,228100,45570.69922
45893.80078,45893.80078,45322.55078,271400,45511.35156
45449.35156,45990.5,45299.39844,441700,45909.44922
46013.30078,46153.89844,45801.5,238600,46000.85156
46122.14844,46310.39844,46028.75,278400,46231.5
46100.94922,46252.94922,45906.89844,348800,45979.85156
45493.69922,45745.14844,45276.39844,334000,45384.60156
45179.60156,45276.80078,44592.44922,257700,44623.85156
44707.35156,44996.75,44548.89844,249400,44612.05078
44615,44936.55078,44400.89844,266500,44766.10156
44722.5,44773.80078,44532.44922,188500,44624.19922
44465.89844,44668,44182.5,221900,44588.30078
44700.35156,44756.80078,44248.19922,389900,44300.94922
44445.35156,44755.05078,44344.89844,156000,44584.55078
44561.5,44566.30078,44243.10156,192600,44399.05078
44108.14844,44161.35156,43857.5,310300,43964.05078
44181.35156,44391.85156,44108.30078,243400,44213.35156
44395.39844,44500.69922,44242.94922,157500,44360.60156
44057.80078,44113.19922,43796.75,162300,43886.5
44027.55078,44487.25,44004.55078,175300,44360.14844
44554.89844,44710.55078,44411.39844,213700,44516.89844
44571.55078,44693.05078,44530.05078,112100,44599.19922
44322.05078,44563.05078,44203.69922,169900,44287.94922
44204.75,44356.94922,44044.39844,140400,44225.89844
44589.80078,44589.85156,44336.94922,120500,44409.5
44404.19922,44412.5,43861.44922,217200,43888.69922
43616.75,44058.80078,43558.10156,156600,43754.5
43584.25,43877.5,43567.44922,152400,43723.05078
43822.69922,43831.30078,43029.44922,201400,43151.19922
43308.30078,43397.44922,42758.39844,188300,42832
42708.39844,42716.19922,42105.39844,307100,42280.14844
42555.60156,42840.14844,42482.75,213900,42782
42721.39844,43112.5,42390.5,189000,43039.14844
43356.85156,43356.85156,42797.14844,157400,42845.94922
42694.25,42815.14844,42589.64844,145200,42700.94922
43018.69922,43271.5,42796.44922,144700,43017.19922
43318.30078,43416.10156,43221,124100,43318.25
43627.75,43648.69922,43415.19922,149900,43619.39844
43598.85156,43799.35156,43283.85156,198200,43737.89844
43791.80078,43797.55078,43547.75,163400,43658.64844
43626.10156,43876.75,43542.64844,108900,43683.60156
43543.25,43908.69922,43504.94922,90000,43820.10156
43915.10156,43970.75,43681.39844,169600,43891.25
44398.44922,44408.55078,44164.55078,202500,44201.69922
44251.69922,44420.94922,44064.14844,144300,44161.55078
43656.25,43872.85156,43513.85156,227400,43583.94922
43591.5,43724,43450.05078,124300,43584.94922
43790.94922,43790.94922,43586.44922,108200,43689.14844
43663.60156,43692.5,43230.94922,150900,43449.60156
43452.75,43649.64844,43451.35156,72300,43577.5
43607.35156,43806.5,43566.14844,96800,43769.10156
43851.55078,43960.30078,43739.80078,151200,43880.94922
44081.75,44630.35156,44003.44922,152300,44566.44922
44711.19922,44764.80078,44254.60156,343200,44481.75
44580.14844,44951.10156,44531.75,204900,44814.19922
45671.5,46484.44922,45484.19922,311200,46431.39844
46895.89844,47230.55078,46653.64844,326100,47012.25
47256.75,47259.85156,46750.19922,244200,46834.55078
46735.39844,46927.69922,46507.14844,208100,46841.39844
46797.19922,47303.64844,46793.89844,218300,47262
47233.30078,47588,47186.60156,182500,47314.25
47421.69922,47454,47004.05078,182000,47097.55078
47190.75,47201.94922,46886.89844,202300,47092.25
47567.64844,47943.60156,47510.85156,193100,47732.30078
47939.89844,48219.94922,47632.85156,313900,48143.55078
48068.5,48076.60156,47806.69922,157300,47867.69922
47940.39844,48017,47646.05078,189800,47870.89844
48085.35156,48166.14844,47202.64844,242500,47445.30078
47172.44922,47932.39844,46919.69922,208000,47840.14844
47837.75,48071.39844,47415.85156,165800,47491.85156
47576.39844,47838.44922,47411.64844,118700,47724.85156
47818.5,48347.64844,47806.69922,184900,48282.19922
48479.05078,48636.44922,48343.14844,391100,48508.55078
48374.85156,48477.69922,48091.85156,174000,48292.25
48194.80078,48223.55078,47689.80078,183200,47761.64844
47796.30078,47798.75,47481.35156,233300,47704.94922
47805.39844,48281.19922,47738.14844,175700,48195.85156
48245.55078,48381.94922,47822.85156,181000,48159
48096.64844,48154.5,47387.35156,231400,47450.25
47705.39844,47939.30078,47156.05078,161000,47242.64844
47073.85156,47423.44922,47010.80078,165200,47360.85156
47538.60156,47662.10156,47237,132500,47438.35156
47572.69922,47873.69922,47408.5,191600,47709.80078
47891.05078,48248.05078,47825.39844,167100,48158.30078
48109.94922,48305.39844,48002.85156,224500,48125.10156
46573.94922,47212.75,45979.60156,499600,46064.44922
45492.75,46184.05078,45430.69922,275000,45713.55078
46103.5,46249.85156,45558.05078,296600,45701.14844
46495.44922,46580.30078,44886.10156,422600,45015.05078
44489.39844,45485.5,44489.39844,348700,45082.39844
45057.94922,45139.05078,44429,386800,44866.14844
45171.5,45660.35156,45110.89844,336800,45442.35156
45481.5,45678.69922,45206.05078,232100,45367.75
45295.64844,46179.75,45071.19922,373100,45996.80078
46164.89844,46306.89844,45668.35156,305700,46188.64844
46568.19922,46892.35156,45901.25,337000,45970.94922
45962.25,46048.60156,45615.10156,265900,45825.55078
45891.19922,45932.14844,45527,178600,45690.80078
45944.60156,46062.85156,45620.5,283700,45818.5
45973.85156,46181.19922,44893.75,319900,45012
44986.75,45718.14844,44859.14844,276000,45634.55078
45664.30078,45748.5,44633.85156,268800,44882.25
45056.80078,45750.39844,44819.55078,245900,45502.39844
45014.64844,46170.44922,44860.75,280000,45908.30078
46027.10156,46297.69922,45590.19922,277700,46218.89844
46454.30078,46693.39844,46264.39844,291400,46384.85156
46444.89844,47136.75,46367.80078,171900,47094.19922
47363.39844,47363.39844,46886.94922,198900,47019.69922
46934.55078,47024.05078,46426.85156,177200,46919.80078
47060.69922,47245.35156,46723.14844,200500,46811.75
46615.85156,46893.14844,46513.55078,223700,46576.5
46480.19922,46722.25,46324.89844,157300,46588.05078
46640.89844,46754.55078,45852.55078,167300,45963.14844
45881.44922,46329.64844,45661.75,544700,46120.89844
46218,47342.25,46218,172500,47286.89844
47318.5,47529.60156,47191.64844,158100,47456.10156
47265.69922,47737.85156,47196.75,176900,47581
47451.64844,48161.25,47442.25,301700,47965.39844
48035.80078,48071.69922,47747.19922,146300,47835.80078
47792.19922,47853.80078,47230.64844,204200,47327.85156
47351.35156,47812.75,46884.44922,207200,47282.39844
47341.14844,47468.69922,46842.14844,274600,46981.30078
46825.75,47231.5,46565.55078,220400,46789.94922
46572.10156,46802.55078,46310.5,339300,46594.10156
46458.75,46739.25,46022.14844,151300,46575.89844
46421.89844,46602.35156,46258.75,147100,46384.80078
46392.89844,46655.55078,45828.80078,210400,46310.89844
46674.85156,46990.25,46570.14844,150400,46684.89844
46634.89844,46974.14844,46566.80078,172200,46863.75
46552.94922,46788.35156,46529.05078,171700,46600.19922
46643.44922,46956.10156,46643.44922,285100,46785.94922
46827.85156,47440.44922,46827.85156,348000,47124.60156
47391.05078,47646.80078,47373.10156,134089400,47578.25
47490.75,47707.35156,47408.55078,183400,47545.44922
47350.25,47676.94922,47279.80078,283800,47624.25
48086.19922,48254.64844,47712.69922,324300,48060.80078
48104.64844,48557.39844,47894.5,214300,48493.05078
48586.75,48716.94922,48424.64844,263400,48581.69922
48810.80078,48960.75,48568.25,147600,48730.55078
48879.55078,49057.39844,48669.25,247100,48986.60156
48671.19922,48882.64844,48477.55078,208000,48564.55078
48057.5,48255.5,47725.80078,197100,47773.25
47436.69922,47609,47316.55078,186100,47484.80078
47592.69922,47829.75,46982.14844,186400,47069.44922
46744.94922,47668.69922,46579.05078,164600,47574.14844
48145.69922,48146.30078,47628.44922,177700,47924.89844
48299.60156,48302.69922,47899.30078,141100,47970.44922
48120.89844,48246.19922,48028.69922,112200,48189
47772.64844,48625.44922,47737.19922,337400,48494.94922
48660,48679.64844,48088.25,208100,48201.05078
48359.89844,49473.60156,48342.69922,327100,49424.05078
49477.10156,49974.75,49249.89844,402900,49396.75
49262,49529.35156,49123.60156,291900,49231.05078
49375.05078,49607.75,48659.69922,223000,48923.55078
49174.55078,49252.64844,48784,340200,48895.30078
48965.05078,49023.5,48213.75,230300,48285.35156
48124.19922,48223.05078,47851.14844,286000,48021.10156
47976.35156,48258.64844,47440.64844,272900,47487.89844
47555.5,47868.69922,47313.35156,218900,47421.10156
47389.80078,47841.60156,46983.25,220900,47754.10156
47748.85156,47937.25,47607.85156,152000,47859.44922
47923.10156,47957.19922,47534.5,188800,47687.44922
